id,es,en,qu,ay
ui.home,Inicio,Home,Qallariy,Qallta
ui.explore,Explora el universo,Explore the universe,Tiqsi muyuta riqsiy,Alaxpacha uñt'ama
ui.knowledge,Saberes andinos,Andean knowledge,Andes suyupa yachayninkuna,Andes suyuna yatiñanakapa
ui.community,Comunidad,Community,Ayllu,Ayllu
ui.heroLabel,"DESDE LOS ANDES, HACIA LAS ESTRELLAS","FROM THE ANDES, TO THE STARS","ANDES SUYUMANTA, QUYLLURKUNAMAN","ANDES SUYUTPACHANA, WARA WARANAKARU"
ui.heroTitle,Un mismo cielo.,One shared sky.,Huk hanaq pacha.,Mä sapa alaxpacha.
ui.heroDescription,Aprende sobre el espacio con explicaciones sencillas y actividades. QAS conecta la astronomía con las lenguas de las comunidades del Perú.,Learn about space through simple explanations and activities. QAS connects astronomy with the languages of communities in Peru.,"Hanaq pachamanta yachay, mana sasa sut'ichaykunawan ruraykunawan ima. QAS hanaq pacha yachayta Perú suyupi ayllukunapa siminkunawan tinkuchin.","Alaxpachata yatiqma, jasaki qhanañchawinakampi lurawinakampi. QAS ukaxa alaxpachata yatiña Perú suyuna ayllunakapana arunakapampi chikthapiyi."
ui.start,Comienza a explorar,Start exploring,Riqsiyta qallariy,Uñt'aña qalltañäni
ui.mission,Conoce QAS,Discover QAS,QAS nisqata riqsiy,QAS uñt'ama
ui.languages,Un proyecto para cuatro lenguas,A project for four languages,Tawa simipaq huk llamk'ay,Pusi arutaki mä wakichawi
ui.origin,"Desde Puno, Perú","From Puno, Peru","Puno, Perú suyumanta","Puno, Perú suyatpacha"
ui.everyone,Para todas las edades,For every generation,Tukuy wiñayniyuqkunapaq,Taqi marani jaqinakataki
ui.place,Nuestra inspiración: el cielo de los Andes,Our inspiration: the Andean sky,Yuyayniykupa paqarinan: Andes suyupa hanaq pachan,Amuyt'ayirixa: Andes suyuna alaxpachapa
ui.photoNote,Imagen de montaña referencial · Constelación ilustrativa,Illustrative mountain photograph · Stylized constellation,"Urqupa rikch'aynin, riqsichinapaq · Quyllurkuna t'aqapa siq'in",Qulluna uñacht'ayiri jamuqapa · Wara waranakana siqipa
ui.skySpeaks,El cielo habla nuestras lenguas.,The sky speaks our languages.,Hanaq pacha siminchikkunapi riman.,Alaxpachaxa arunakasampi parli.
ui.discoverWords,"Descubre una palabra, conecta un mundo.","Discover a word, connect a world.","Huk simita riqsiy, huk pachawan tinkuy.","Mä aru uñt'ama, mä pachampi chikthaptama."
ui.sunWord,Sol · Quechua / Aimara,Sun · Quechua / Aymara,Inti · Quechua / Aimara,Willka · Quechua / Aimara
ui.moonWord,Luna · Quechua / Aimara,Moon · Quechua / Aymara,Killa · Quechua / Aimara,Phaxsi · Quechua / Aimara
ui.starWord,Estrella · Quechua / Aimara,Star · Quechua / Aymara,Quyllur · Quechua / Aimara,Wara wara · Quechua / Aimara
ui.curiosity,LA CURIOSIDAD NO TIENE FRONTERAS,CURIOSITY HAS NO BORDERS,YACHAY MUNAYQA MANA SAYWANNIYUQMI,YATIÑA MUNAÑAXA JANIWA QURPANI KITI
ui.exploreTitle,Un universo por descubrir,A universe to discover,Riqsinapaq huk tiqsi muyu,Uñt'añataki mä alaxpacha
ui.exploreDescription,Elige un tema. Lee una explicación y realiza una actividad.,Choose a topic. Read an explanation and try an activity.,"Huk yachana t'aqata akllay. Sut'ichayta ñawinchay, hinaspa huk rurayta ruray.","Mä yatichawi ajllima. Mä qhanañchawi ullama, ukatxa mä lurawi lurama."
ui.viewAll,Ver todos los temas,View all topics,Tukuy yachana t'aqakunata qhaway,Taqi yatichawinaka uñjaña
ui.all,Todos,All,Tukuy,Taqpacha
ui.astronomy,Astronomía,Astronomy,Hanaq pacha yachay,Alaxpachata yatiña
ui.solar,Sistema solar,Solar system,Intiwan muyuqmasinkuna,Willkampi muyuri masinakapampi
ui.andino,Mirada andina,Andean perspectives,Andes suyupa qhawariynin,Andes suyuna uñjatapa
ui.astronomyTag,ASTRONOMÍA,ASTRONOMY,HANAQ PACHA YACHAY,ALAXPACHATA YATIÑA
ui.solarTag,SISTEMA SOLAR,SOLAR SYSTEM,INTIWAN MUYUQMASINKUNA,WILLKAMPI MUYURI MASINAKAPAMPI
ui.andinoTag,MIRADA ANDINA,ANDEAN PERSPECTIVES,ANDES SUYUPA QHAWARIYNIN,ANDES SUYUNA UÑJATAPA
ui.roots,CIENCIA CON RAÍCES,SCIENCE WITH ROOTS,SAPHINNIYUQ YACHAY,SAPHINI YATIÑA
ui.rootsTitle,Aprendemos ciencia y valoramos nuestras lenguas.,Learning science and valuing our languages.,"Yachaykunata yachanchik, siminchikkunatapas chaninchanchik.","Yatiñanaka yatiqtana, arunakasa wali askit uñjtana."
ui.rootsDescription,Compartimos explicaciones de astronomía y palabras para nombrar el cielo. Los conocimientos de cada comunidad se incorporan con sus propias voces.,We share astronomy explanations and words for the sky. Community knowledge is included through the voices of its speakers.,"Hanaq pacha yachaymanta sut'ichaykunata, hanaq pachata sutinchanapaq simikunatapas rakikunanchikpaq qunchik. Sapa ayllupa yachayninkuna kikinpa rimayninwan yaykun.","Alaxpachata qhanañchawinaka, alaxpacharu sutichañataki arunaka chikachastana. Sapa aylluna yatiñanakapaxa pachpa arunakapampi mantani."
ui.rootsButton,Lenguas y comunidad,Languages and community,"Simikuna, aylluwan",Arunakampi ayllumpi
ui.observeLabel,TU PRIMER VIAJE EMPIEZA AQUÍ,YOUR FIRST JOURNEY STARTS HERE,ÑAWPAQ PURIYNIYKI KAYPI QALLARIN,NAYRÏRI SARAWIMAXA AKANA QALLTI
ui.observeTitle,"Esta noche, mira hacia arriba.","Tonight, look up.","Kay tuta, hanaqman qhaway.","Jichha aruma, alaxaru uñtama."
ui.observeDescription,No necesitas un telescopio para empezar. Comparte un momento bajo las estrellas con tu familia o comunidad y lleva un cuaderno de descubrimientos.,"You do not need a telescope to begin. Share a moment under the stars with your family or community, and keep a notebook of discoveries.",Qallarinaykipaq mana karu qhawana telescopio nisqata munankichu. Aylluykiwan utaq llaqtamasiykikunawan quyllurkuna urapi kuska kay. Riqsisqaykikunata qillqanaykipaq qillqana mayt'uta apay.,Qalltañatakixa janiwa telescopio sat jaya uñjaña munaskiti. Wilamasimampi jan ukaxa ayllumampi wara waranaka manqhana mä juk'a pach t'aqjasipxma. Uñjatama qillqañataki mä qillqañ panka apma.
ui.download,Descargar guía de observación,Download the observing guide,Qhawarinapaq pusana qillqata uraykachiy,Uñakipaña irpir qillqata apaqaña
ui.step1,"Busca un lugar seguro, con poca luz artificial y el cielo despejado. Lleva abrigo y compañía.",Find a safe place with little artificial light and a clear sky. Bring warm clothing and company.,"Mana manchayniyuq kitita maskhay, runa rurasqan k'anchay pisi kananpaq, hanaq pachapas phuyuwan mana qatasqa kananpaq. Q'uñi pachakunata apay, huk masiwan riy.","Mä jan chijini chiqawja thaqma, jaqina lurata qhanaxa juk'aki utjpan, alaxpachasti qinayampi jan imantatäpan. Thuru isinaka apma, maynimpi sarma."
ui.step2,Deja que tus ojos se acostumbren a la oscuridad durante unos 20 minutos. Evita mirar la pantalla.,Let your eyes adjust to the dark for about 20 minutes. Avoid looking at your screen.,Ñawiykikuna tutayayman yachakunankupaq yaqa 20 minututa suyay. Pantallata ama qhawaychu.,Nayranakamaxa ch'amakaru yatintañapataki niya 20 minutonaka suyma. Pantalla jan uñch'ukimti.
ui.step3,"Dibuja lo que observas. Anota la hora, el lugar y las palabras con las que tu familia nombra el cielo.","Draw what you see. Record the time, place, and words your family uses to name the sky.","Qhawasqaykita siq'iy. Pachata, kitita, aylluykipa hanaq pachata sutinchanan simikunatapas qillqay.","Uñjatama siqsuña lurama. Pachsa, chiqawjsa, wilamasimana alaxpacharu sutichañataki arunakapsa qillqma."
ui.footer,"Hecho para conectar la Tierra con el cielo. Puno, Perú.","Connecting Earth and sky. Puno, Peru.","Kay pachata hanaq pachawan tinkuchinapaq rurasqa. Puno, Perú.","Uraqimpi alaxpachampi chikthapiñataki lurata. Puno, Perú."
ui.sources,Fuentes y lenguas ↗,Sources and languages ↗,"Yachay pukyukuna, simikunawan ↗",Yatiñ utjirinakampi arunakampi ↗
ui.heroAccent,Muchas voces.,Many voices.,Achka rimaykuna.,Walja arunaka.
ui.readArticle,Leer artículo,Read article,Qillqata ñawinchay,Qillqata ullaña
ui.activity,Actividad para compartir,An activity to share,Kuska ruranapaq llamk'ay,Mayacht'asis lurañataki
ui.sourceHeading,Fuentes para seguir aprendiendo,Sources to learn more,Astawan yachanapaq pukyukuna,Yatiqaskakiñataki utjirinaka
ui.close,Cerrar artículo,Close article,Qillqata wisq'ay,Qillqata jist'antaña
ui.mainNav,Navegación principal,Main navigation,Hatun purina,Jilïri saraña
ui.chooseLanguage,Seleccionar idioma,Choose a language,Simita akllay,Aru ajlliña
ui.filterTopics,Filtrar temas,Filter topics,Yachana t'aqakunata akllay,Yatichawinaka ajlliña
ui.homeLabel,QAS: ir al inicio,QAS: go to home,QAS: qallariyman riy,QAS: qalltawiru saraña
ui.pendingTranslation,La traducción a esta lengua está en preparación. Los textos sin traducir se muestran en español.,Translation into this language is in progress. Untranslated texts appear in Spanish.,Kay simiman tikrayqa rurakuchkanraq. Mana tikrasqa qillqakunaqa castellano simipi rikuchikun.,Aka aruru jaqukipañaxa wakichasiskiwa. Jan jaqukipata qillqatanakaxa castellano aruna uñacht'ayasi.
ui.logTitle,Registro de observación,Observation log,Qhawasqakunapa qillqan,Uñjata qillqawi
ui.logDate,Fecha:,Date:,P'unchaw:,Uru:
ui.logTime,Hora:,Time:,Pacha:,Pacha:
ui.logPlace,Lugar:,Location:,Kiti:,Chiqawja:
ui.logWeather,Estado del cielo:,Sky conditions:,Hanaq pacha imayna kasqan:,Alaxpachana kunjamätapa:
ui.logSeen,Lo que observé:,What I observed:,Qhawasqay:,Uñjataxa:
ui.logWords,Palabras de mi comunidad:,Words from my community:,Aylluypa siminkuna:,Ayllujana arunakapa:
ui.sunSafety,"Nunca mires directamente al Sol. Para empezar, observa el cielo nocturno.",Never look directly at the Sun. Start by observing the night sky.,"Intitaqa ama hayk'aqpas chiqanta qhawaychu. Qallarinaykipaq, tutapi hanaq pachata qhaway.",Willkaruxa janipuni chiqaki uñch'ukimti. Qalltañatakixa arumana alaxpacha uñakipma.
ui.pageTitle,QAS · Aprende sobre el espacio,QAS · Learn about space,QAS · Hanaq pachamanta yachay,QAS · Alaxpachata yatiqma
ui.pageDescription,"Aprende sobre el Sol, la Luna, la Tierra y las estrellas. Contenido educativo de QAS para familias y comunidades del Perú.","Learn about the Sun, Moon, Earth, and stars. QAS educational content for families and communities in Peru.","Intimanta, Killamanta, kay Pachamanta, quyllurkunamantapas yachay. Perú suyupa yawar ayllunkunapaq, llaqtankunapaq ima QAS yachachiy qillqakuna.","Willkata, Phaxsita, Uraqita, wara waranakat yatiqma. Perú suyuna wilamasinakapataki ayllunakapataki QAS yatichiri qillqatanaka."
ui.learningTag,ACTIVIDADES,ACTIVITIES,RURAYKUNA,LURAWINAKA
ui.learning,Actividades,Activities,Ruraykuna,Lurawinaka
ui.glossaryTerm,Palabra,Term,Simi,Aru
ui.glossaryMeaning,Significado,Meaning,Ninan,Sañapa
ui.noScript,Los artículos y los enlaces de idioma funcionan sin JavaScript. Actívalo para usar los filtros y las animaciones.,Articles and language links work without JavaScript. Enable it to use filters and animations.,"Qillqakuna, simikunapa t'inkinkunapas JavaScript mana kaptinpas llamk'anku. Akllanakunata, kuyuykunatawan llamk'achinaykipaq JavaScript nisqata llamk'achiy.",Qillqatanakampi arunakana chinuñanakapampixa JavaScript jan utjkipansa irnaqapxi. Ajllirinakampi unxtawinakampi apnaqañataki JavaScript irnaqayma.
article.stars.title,Las estrellas y las galaxias,Stars and galaxies,"Quyllurkuna, hatun huñunkunawan",Wara waranakampi jach'a tantachawinakapampi
article.stars.p1,Las estrellas son enormes esferas de gas caliente que producen energía en su interior. Nuestro Sol es una de ellas. La luz de otras estrellas tarda años en llegar a nuestros ojos: mirar el cielo también es mirar al pasado.,Stars are huge spheres of hot gas that produce energy inside them. Our Sun is one of them. Light from other stars travels for years before reaching our eyes: looking into space also means looking into the past.,Quyllurkunaqa rupha gas nisqamanta hatun rump'ukunan. Ukhunkupi kallpata paqarichinku. Intinchikpas chaykunamanta hukmi. Wak quyllurkunapa k'anchaynin ñawinchikman chayamunanpaq watakuna pasan. Hanaq pachata qhawayqa ñawpa pachata qhawaypasmi.,Wara waranakaxa junt'u gas ukata lurata jach'a muruq'unakawa. Manqhapana ch'ama utjayapxi. Willkasaxa uka wara waranakat maynïriwa. Yaqha wara waranakana qhanapaxa nayranakasaru puriñatakixa maranakawa pasi. Alaxpacha uñjañaxa nayra pacha uñjañarakïwa.
article.stars.p2,"Las estrellas se agrupan en galaxias. Nosotros vivimos en la Vía Láctea, que contiene miles de millones de estrellas. En una noche oscura, parte de ella puede verse como una franja tenue que cruza el cielo.","Stars gather in galaxies. We live in the Milky Way, home to billions of stars. On a dark night, part of it appears as a faint band across the sky.",Quyllurkunaqa galaxia nisqa hatun huñukunapi huñunakunku. Ñuqanchikqa Vía Láctea sutiyuq huñupi kawsanchik. Chaypi waranqa hunu quyllurkuna kachkan. Tutayaq tutapi wakin k'anchayninta hanaq pachata chimpachiq llamp'u siq'ihina qhawayta atinchik.,Wara waranakaxa galaxia sat jach'a tantachawinakana tantachasipxi. Jiwasaxa Vía Láctea sutini tantachawina jakastana. Ukanxa waranqa millón wara waranakawa utji. Ch'amaka arumanxa mä chiqapaxa alaxpacha paskiri llamp'u qhana siqjamawa uñjasi.
article.stars.p3,Las nebulosas son nubes de gas y polvo. En algunas nacen estrellas; otras contienen material expulsado por estrellas al final de su vida. Las fotografías de telescopios muestran detalles y colores que nuestros ojos no siempre pueden distinguir.,Nebulae are clouds of gas and dust. Some form new stars; others contain material released by dying stars. Telescope photographs show details and colors that our eyes cannot always distinguish.,Nebulosa nisqakunaqa gas nisqamanta ñut'u allpamanta ima phuyukunan. Wakinkunapi quyllurkuna paqarinku. Wakinkunapitaq quyllurkuna kawsayninku tukukuptin qarqusqan imakuna kachkan. Karu qhawana telescopio nisqawan urqusqa rikch'aykunaqa ñawinchik mana sapa kuti riqsiyta atinan ñut'u kaqkunata llimp'ikunatapas rikuchin.,Nebulosa satanakaxa gas ukat laq'a qinayanakawa. Yaqhipanakana wara waranakawa utji. Yaqhipanakasti wara waranakana jakañapa tukuyasina anqaru jaqsuta yänaka katupxi. Telescopio sat jaya uñjañana apsuta jamuqanakaxa nayranakasampi jan sapa kuti amuyañjama jisk'a chiqanakampi saminakampi uñacht'ayi.
article.stars.summary,"Conoce las estrellas, las galaxias y las nubes de gas del espacio.","Learn about stars, galaxies, and clouds of gas in space.","Quyllurkunata, hatun huñunkunata, hanaq pachapi gas phuyukunatapas riqsiy.","Wara waranaka, jach'a tantachawinakapa, alaxpachana gas qinayanaka uñt'ama."
article.planets.title,El sistema solar,The solar system,Intiwan muyuqmasinkuna,Willkampi muyuri masinakapampi
article.planets.p1,El sistema solar está formado por el Sol y los cuerpos que orbitan a su alrededor. El Sol es una estrella; los planetas brillan principalmente porque reflejan su luz.,The solar system consists of the Sun and the bodies orbiting it. The Sun is a star; planets shine mainly by reflecting its light.,Intiwan paypa muyuriqninpi puriqkurkuna sistema solar nisqata ruran. Intiqa huk quyllurmi. Planeta nisqa puriqkurkunaqa aswanta Intipa k'anchayninta kutichispa lliphipinku.,Willkampi muyupana sariri yänakampi sistema solar sata utt'ayapxi. Willkaxa mä wara warawa. Planeta sata yänakaxa jilpachaxa Willkana qhanapa kutt'ayasinawa lliphipipxi.
article.planets.p2,"Desde el Sol, los ocho planetas son Mercurio, Venus, Tierra, Marte, Júpiter, Saturno, Urano y Neptuno. Los primeros cuatro tienen superficies rocosas. Júpiter y Saturno son gigantes gaseosos; Urano y Neptuno se clasifican como gigantes de hielo.","Moving outward from the Sun, the eight planets are Mercury, Venus, Earth, Mars, Jupiter, Saturn, Uranus, and Neptune. The first four are rocky planets. Jupiter and Saturn are gas giants; Uranus and Neptune are ice giants.","Intimanta yupaspa, pusaq planetakunaqa Mercurio, Venus, Tierra, Marte, Júpiter, Saturno, Urano, Neptuno ima. Ñawpaq tawa planetakunapa hawanqa qaqamanta. Júpiterwan Saturno hatun gas planetakunan. Uranowan Neptunotaqa rit'imanta hatun planetakunapi churanku.","Willkatpacha jakthapisina, kimsaqallqu planetanakaxa Mercurio, Venus, Tierra, Marte, Júpiter, Saturno, Urano, Neptuno ukanakawa. Nayrïri pusi planetanakaxa qala patanïpxiwa. Júpiter ukat Saturno jach'a gas planetanakawa. Urano ukat Neptuno jach'a chhullunkha planetanakawa sata."
article.planets.p3,"Los anillos de Saturno contienen innumerables fragmentos de hielo y roca. Aunque en las ilustraciones parecen sólidos, están formados por partículas de distintos tamaños.","Saturn’s rings contain countless pieces of ice and rock. They may look solid in illustrations, but they consist of particles of different sizes.","Saturnopa siwikunan mana yupay atina rit'iwan qaqa p'akikunata hap'in. Siq'ikunapi huklla sinch'i imahina rikhuriptinpas, hatun huch'uy k'itikunamanta rurasqan kanku.","Saturnona muyu siwinakapaxa jan jakt'kaña chhullunkha, qala t'unanakanïwa. Siqitanakana mä sapa ch'ullqhi yäjama uñjasipkchisa, kunaymana tañani jisk'a t'unanakat luratawa."
article.planets.p4,"También hay lunas, asteroides, cometas y planetas enanos, como Plutón. Nuestra Luna no emite luz propia: vemos la parte iluminada por el Sol. Sus fases cambian según la posición relativa de la Tierra, la Luna y el Sol.","There are also moons, asteroids, comets, and dwarf planets such as Pluto. Our Moon reflects sunlight. Its phases change with the relative positions of Earth, the Moon, and the Sun.","Killakunapas, asteroide nisqa qaqa kurkukunapas, cometa nisqa chupa kurkukunapas, Plutón hina huch'uy planetakunapas kanku. Killanchikqa mana kikin k'anchayninta paqarichinchu. Inti k'anchasqan t'aqatam qhawanchik. Rikhuriynin kay Pachapa, Killapa, Intipa kuska maypi kasqankuman hina tikrakun.","Phaxsinaka, asteroide sat qala yänaka, cometa sat wich'inkhani yänaka, Plutón ukjama jisk'a planetanakasa utjarakiwa. Phaxsisaxa janiwa pachpa qhanapa utjaykiti. Willkana qhantayata chiqapa uñjtana. Uñtasipaxa Uraqina, Phaxsina, Willkana kawkhankatapampiwa mayjt'i."
article.planets.summary,"Descubre el Sol, los ocho planetas y otros cuerpos del sistema solar.","Discover the Sun, the eight planets, and other solar system bodies.","Intita, pusaq planetakunata, Intipa muyuriqninpi wak kurkukunatapas riqsiy.","Willka, kimsaqallqu planetanaka, Willka muyuna yaqha yänaka uñt'ama."
article.andes.title,Las lenguas y el cielo,Languages and the sky,"Simikuna, hanaq pachawan",Arunakampi alaxpachampi
article.andes.p1,"Inti y Willka son voces relacionadas con el Sol en quechua y aimara. Killa y Phaxsi nombran la Luna; Qoyllur y Wara wara, las estrellas. Las grafías y los usos pueden variar entre comunidades.",Inti and Willka are words associated with the Sun in Quechua and Aymara. Killa and Phaxsi name the Moon; Qoyllur and Wara wara name stars. Spellings and usage may vary across communities.,Intiwan Willkaqa Quechua simipi Aimara simipipas Intita sutinchaq simikunan. Killawan Phaxsi Killata sutinchanku. Qoyllurwan Wara waraqa quyllurkunata sutinchanku. Qillqayninkupas apaykachayninkupas ayllumanta aylluman hukniray kayta atin.,Inti ukat Willka arunakaxa Quechua aruna Aimara aruna Willkaru sutichapxi. Killa ukat Phaxsi arunakaxa Phaxsiru sutichapxi. Qoyllur ukat Wara wara arunakaxa wara waranakaru sutichapxi. Qillqañasa apnaqañasa aylluta aylluru mayjt'aspawa.
article.andes.p2,"QAS propone aprender astronomía y abrir un espacio para las lenguas originarias. No existe una sola mirada andina: cada comunidad tiene sus propias voces, experiencias y formas de transmitir conocimientos.","QAS brings astronomy and Indigenous languages together. There is no single Andean perspective: communities have their own voices, experiences, and ways of sharing knowledge.","QAS hanaq pacha yachayta yachananchikta, ñawpa simikunapaq kitita kicharinanchiktapas munan. Andes suyupi mana huklla qhawariyllachu kan. Sapa ayllupa kikin rimaynin, kawsasqan, yachaykunata willanan ñanninkuna ima kanku.","QAS ukaxa alaxpachata yatiqaña, nayra arunakataki mä chiqawja jist'araña amti. Andes suyuna janiwa mä sapa uñjañakikiti. Sapa aylluna pachpa arunakapa, jakawinakapa, yatiñanaka yatiyañataki sarawinakapa utji."
article.andes.p4,Esta versión incluye artículos en cuatro lenguas. Las traducciones al quechua y al aimara son borradores generados con ayuda de IA. Todavía necesitan revisión y adaptación por hablantes de las comunidades.,This version includes articles in four languages. The Quechua and Aymara translations are drafts generated with AI assistance. They still need review and adaptation by community speakers.,Kaypi tawa simipi qillqakuna kachkan. Quechua simiman Aimara simiman tikrasqakunaqa IA nisqapa yanapayninwan rurasqa ñawpaq qillqakunaraqmi. Ayllukunapi rimaqkunapa qhawapayninta allichapayninta ima suyanraq.,Akana pusi aruna qillqatanakawa utji. Quechua ukat Aimara aruru jaqukipatanakaxa IA yanapampi lurata nayrïri qillqatanakakïskiwa. Ayllunakankiri parlirinakana uñakipañapa askichañapa suyasipki.
article.andes.summary,Conoce palabras para nombrar el cielo y una forma de aprender en comunidad.,Discover words for the sky and a way to learn with your community.,"Hanaq pachata sutinchanapaq simikunata, ayllupi kuska yachanapaq huk ñantapas riqsiy.","Alaxpacharu sutichañataki arunaka, aylluna mayacht'asis yatiqañataki mä sara uñt'ama."
article.mission.title,Un mismo cielo. Muchas voces.,One shared sky. Many voices.,Huk hanaq pacha. Achka rimaykuna.,Mä sapa alaxpacha. Walja arunaka.
article.mission.p1,"QAS — Quechua Aimara Space — es una propuesta educativa para acercar el espacio a comunidades de Puno y del Perú. Está pensada para estudiantes, familias y personas curiosas de todas las edades.","QAS — Quechua Aimara Space — is an educational project bringing space closer to communities in Puno and across Peru. It is for students, families, and curious people of all ages.","QAS — Quechua Aimara Space — hanaq pachata Puno, Perú suyupi ayllukunaman asuykachinapaq yachachiy llamk'aymi. Yachaqkunapaq, yawar ayllukunapaq, tukuy wiñayniyuq yachay munaqkunapaq ima rurasqa.","QAS — Quechua Aimara Space — ukaxa alaxpacha Puno, Perú suyuna ayllunakaparu jak'achayañataki mä yatichawi wakichawiwa. Yatiqirinakataki, wilamasinakataki, taqi marani yatiña muniri jaqinakataki wakichatawa."
article.mission.p2,"Aquí puedes explorar conceptos de astronomía, aprender vocabulario y descargar una guía para observar el cielo sin telescopio.","Explore astronomy, discover vocabulary, and download a guide to observing the sky without a telescope.","Kaypi hanaq pacha yachaykunata riqsiyta, simikunata yachayta, karu qhawana telescopio mana kaptinpas hanaq pachata qhawarinapaq pusana qillqata uraykachiytapas atinki.","Akana alaxpachata yatiñanaka uñt'asma, arunaka yatiqasma, telescopio jan utjkipansa alaxpacha uñakipañataki irpir qillqata apaqasma."
article.mission.p3,"Puedes leer los artículos en español, inglés, quechua y aimara. Las versiones en quechua y aimara son primeras traducciones. Queda pendiente revisarlas con hablantes locales y adaptarlas a sus variantes.","You can read the articles in Spanish, English, Quechua, and Aymara. The Quechua and Aymara versions are initial translations. Review with local speakers and adaptation to their language varieties are still pending.","Qillqakunata castellano, inglés, Quechua, Aimara simikunapi ñawinchayta atinki. Quechua simipi Aimara simipipas ñawpaq tikraykunaraq kanku. Llaqtapi rimaqkunawan qhawapana kachkanraq, sapa kitipa rimayninta chaninchaspa.","Qillqatanakaxa castellano, inglés, Quechua, Aimara arunakana ullañjama utji. Quechua ukat Aimara aruna jaqukipatanakaxa nayrïri qillqatanakakïskiwa. Markankiri parlirinakampi uñakipañaxa wakiskaskiwa, sapa chiqawjana parlañapa yäqasa."
article.sources.title,Fuentes y lenguas,Sources and languages,"Yachay pukyukuna, simikunawan",Yatiñ utjirinakampi arunakampi
article.sources.p1,Los conceptos de astronomía se acompañan de enlaces a recursos educativos de NASA. El vocabulario se apoya en materiales de Reniec y del Ministerio de Educación del Perú.,Astronomy concepts include links to NASA educational resources. Vocabulary draws on materials from Peru’s Reniec and Ministry of Education.,"Hanaq pacha yachaykunapa sut'ichayninwan NASA yachachiy qillqakunaman t'inkikuna kachkan. Simikunaqa Reniec nisqapa, Perú suyupi Ministerio de Educación nisqapapas qillqankunata yanapakuq hina hap'in.",Alaxpachata qhanañchawinakampi chikaxa NASA yatichiri qillqatanakaparu mantañataki chinuñanakawa utji. Arunakaxa Reniec ukat Perú suyuna Ministerio de Educación qillqatanakapana yanapapampiwa wakichata.
article.sources.p2,"Quechua y aimara son lenguas con variantes y contextos propios. Las traducciones son borradores generados con ayuda de IA, aún sin validación de hablantes locales. Se conservan los nombres propios. Los términos científicos se acompañan de explicaciones sencillas.",Quechua and Aymara have their own varieties and contexts. The translations are drafts generated with AI assistance and have not yet been validated by local speakers. Proper names are preserved. Scientific terms are accompanied by simple explanations.,"Quechua, Aimara simikunaqa kikin hukniray rimayniyuq, kikin kawsayniyuq ima. Tikraykunaqa IA nisqawan yanapachikuspa rurasqa ñawpaq qillqakunaraqmi; llaqtapi rimaqkuna manaraq chaninchankuchu. Kikin sutikuna waqaychasqa kanku. Yachay simikunaqa mana sasa sut'ichaykunawan kuska churakun.","Quechua ukat Aimara arunakaxa mayja parlañanakani, pachpa jakawinakanirakiwa. Jaqukipatanakaxa IA yanapampi lurata nayrïri qillqatanakawa; markankiri parlirinakaxa janïrawa chiqaparjamätapa uñakipapkiti. Pachpa sutinakaxa imatawa. Yatiñ arunakaxa jasaki qhanañchawinakampi chikawa uchasi."
article.sources.p3,La fotografía de montaña es ilustrativa y no está identificada como una fotografía de Puno. Fotografía: Unsplash. Los símbolos de los temas y la constelación son ilustraciones; no representan una observación actual.,The mountain photograph is illustrative and is not identified as a photograph of Puno. Photography: Unsplash. Topic symbols and the constellation are illustrations; they do not represent a current observation.,"Urqupa rikch'ayninqa sut'ichinapaqllan. Mana Puno llaqtapi urqusqa rikch'ay hina riqsisqachu. Rikch'ay: Unsplash. Yachana t'aqakunapa unanchankunapas, quyllurkuna t'aqapas siq'isqakunan; mana kunan qhawasqa hanaq pachatachu rikuchinku.",Qulluna jamuqapaxa qhanañchañatakikiwa. Janiwa Puno markana apsuta jamuqa satäkiti. Jamuqa: Unsplash. Yatichawinakana chimpunakapampi wara waranakana siqipampixa siqitanakawa; janiwa jichha pachana uñjata alaxpacha uñacht'ayapkiti.
article.sun.title,El Sol: nuestra estrella,The Sun: our star,Inti: quyllurninchik,Willka: wara warasaxa
article.sun.p1,El Sol es la estrella más cercana a la Tierra. Su luz y su calor permiten muchas de las condiciones que necesita la vida en nuestro planeta.,The Sun is the closest star to Earth. Its light and heat provide many of the conditions that life on our planet needs.,Intiqa kay Pachaman aswan qaylla quyllurmi. K'anchayninwan q'uñiynin kay planetanchikpi kawsaypaq achka munasqa imakunata atichin.,Willkaxa Uraqiru juk'ampi jak'ankiri wara warawa. Qhanapampi junt'upampixa aka planetasana jakañataki walja wakisirinaka utjayapxi.
article.sun.p2,"El Sol está formado principalmente por hidrógeno y helio. En su centro, la fusión nuclear transforma hidrógeno en helio y libera energía. No es una fogata: su energía se produce de otra manera.","The Sun is made mostly of hydrogen and helium. In its core, nuclear fusion turns hydrogen into helium and releases energy. It is not a bonfire: its energy is produced in a different way.","Intiqa aswanta hidrógeno nisqamanta helio nisqamanta rurasqa. Chawpinpi fusión nuclear nisqa huñunakuy hidrógeno nisqata helio nisqaman tikran, hinaspa kallpata kacharin. Mana yanta rawraychu: huk hinatan kallpan paqarin.","Willkaxa jilpachaxa hidrógeno ukat helio sata yänakat luratawa. Taypipana fusión nuclear sat mayachasiwixa hidrógeno ukxa helio ukaru tukuyi, ukatxa ch'ama antuti. Janiwa nina nakhantäwikiti: ch'amapaxa yaqha tuqitawa utji."
article.sun.p3,La luz del Sol tarda unos ocho minutos en llegar a la Tierra. Esa luz ilumina también la Luna y los planetas.,Sunlight takes about eight minutes to reach Earth. This light also illuminates the Moon and the planets.,Intipa k'anchaynin kay Pachaman chayamunanpaq yaqa pusaq minututa unan. Chay k'anchay Killata planetakunatapas k'anchan.,Willkana qhanapaxa Uraqiru puriñatakixa niya kimsaqallqu minutonaka qhipt'i. Uka qhanaxa Phaxsiru planetanakarusa qhantayarakiwa.
article.sun.p4,"Nunca mires directamente al Sol. Los lentes de sol comunes no protegen los ojos para observarlo. Esta actividad consiste en observar sombras, sin dirigir la mirada al Sol.",Never look directly at the Sun. Ordinary sunglasses do not protect your eyes for solar viewing. This activity involves looking at shadows without looking toward the Sun.,"Intita ama hayk'aqpas chiqanta qhawaychu. Sapa p'unchaw inti hark'akuq lentes nisqakunaqa mana Intita qhawanapaq ñawita waqaychankuchu. Kay ruraypi llant'ukunata qhawanki, mana Intiman qhawaspa.","Willkaruxa janipuni chiqaki uñch'ukimti. Sapüru lupita jark'aqasiña lentes ukanakaxa janiwa Willka uñjañataki nayranaka jark'aqkiti. Aka lurawixa ch'iwinaka uñakipañawa, Willkaru jan uñtasa."
article.sun.summary,Aprende de dónde vienen la luz y el calor del Sol.,Learn where the Sun’s light and heat come from.,Intipa k'anchayninwan q'uñiynin maymanta hamusqanta yachay.,Willkana qhanapampi junt'upampi kawkita jutapki uk yatiqma.
article.sun.activity,Coloca un objeto sobre el suelo en un lugar seguro. Dibuja su sombra por la mañana y por la tarde. Anota la hora y compara la dirección y el tamaño de las sombras.,Place an object on the ground in a safe location. Draw its shadow in the morning and afternoon. Record the time and compare the direction and size of the shadows.,"Mana manchayniyuq kitipi huk imata allpa hawapi churay. Paqarinpi ch'isimanpas llant'unta siq'iy. Pachata qillqay, hinaspa llant'ukunapa mayman churasqa kasqanta sayaynintapas tupachiy.","Mä jan chijini chiqawjana mä yä uraqi pataru uchma. Alwata jayp'usa ch'iwipa siqsuma. Pacha qillqma, ukatxa ch'iwinakana kawkjaru uñtatätapsa tañapsa kikipt'ayma."
article.moon.title,La Luna y sus fases,The Moon and its phases,"Killa, rikhuriyninpa tikraykunawan",Phaxsampi uñtasipan mayjt'awinakapampi
article.moon.p1,La Luna es el satélite natural de la Tierra. Un satélite natural es un cuerpo que gira alrededor de un planeta. La Luna refleja la luz del Sol.,The Moon is Earth’s natural satellite. A natural satellite is a body that travels around a planet. The Moon reflects sunlight.,"Killaqa kay Pachapa muyuriqninpi puriq satélite natural nisqan. Satélite natural nisqa kurkuqa huk planetapa muyuriqninpi purin, mana runa rurasqachu. Killa Intipa k'anchayninta kutichin.","Phaxsixa Uraqina satélite natural sat muyuri masipawa. Satélite natural ukaxa mä planeta muyupana sariri yäwa, janiwa jaqina luratäkiti. Phaxsixa Willkana qhanapa kutt'ayi."
article.moon.p2,La mitad de la Luna recibe luz solar. Desde la Tierra vemos distintas porciones de esa mitad iluminada. Por eso parece cambiar de forma. Estos cambios se llaman fases.,"Half of the Moon receives sunlight. From Earth, we see different portions of that illuminated half. This makes the Moon appear to change shape. These changes are called phases.",Killapa kuskan Intipa k'anchayninta chaskin. Kay Pachamanta chay k'anchasqa kuskapa hukniray t'aqankunata qhawanchik. Chayraykun rikch'aynin tikrakuqhina rikhurin. Chay tikraykuna fase nisqa sutiyuq kanku.,Phaxsina chikapaxa Willkana qhanapa katuqi. Uraqitpachaxa uka qhantata chikana mayja chiqanakapa uñjtana. Ukatwa mayja uñnaqani tukurjama uñjasi. Uka mayjt'awinakaxa sunaqi satawa.
article.moon.p3,"En la luna nueva, la cara iluminada apunta principalmente en dirección opuesta a la Tierra. En la luna llena, vemos casi toda esa cara iluminada. Entre ambas hay fases crecientes y menguantes. El ciclo dura unos 29 días y medio.","At new moon, the illuminated side faces mainly away from Earth. At full moon, we see almost all of that illuminated side. Waxing and waning phases occur between them. The cycle lasts about 29 and a half days.","Musuq killapi k'anchasqa uyapa aswan t'aqan kay Pachapa waq chimpanta qhawan. Hunt'a killapitaq yaqa llapan chay k'anchasqa uyata qhawanchik. Chaykunapa chawpinpi wiñaq, pisiyachkaq killakuna kanku. Kay muyu yaqa 29 p'unchawta kuskantawan unan.","Wawa phaxsina qhantata ajanupaxa jilpachaxa Uraqita maysaru uñtatawa. Urt'a phaxsinsti niya taqpacha uka qhantata ajanu uñjtana. Uka pä pachanak taypina jiliri, jisk'aptiri sunaqinakawa utji. Aka muyuxa niya 29 urumpi mä chikat urumpi qhipt'i."
article.moon.p4,"Las fases no se producen por la sombra de la Tierra. La sombra terrestre puede oscurecer la Luna durante un eclipse lunar. La Luna también puede verse de día, según su fase y posición.","Earth’s shadow does not cause the phases. Earth’s shadow can darken the Moon during a lunar eclipse. The Moon can also be visible during the day, depending on its phase and position.","Killapa rikhuriyninpa tikraykunaqa mana kay Pachapa llant'unraykuchu kan. Killa wañuypiqa kay Pachapa llant'un Killata tutayachiyta atin. Killaqa p'unchaypipas rikukuyta atin, rikhuriyninman maypi kasqanman hina.","Phaxsina sunaqinakapaxa janiwa Uraqina ch'iwipata utjkiti. Phaxsi ch'amakt'kipanxa Uraqina ch'iwipaxa Phaxsiru ch'amakt'ayaspawa. Phaxsixa urunsa uñjasirakispawa, sunaqiparu kawkhankataparjama."
article.moon.summary,Entiende por qué la Luna parece cambiar de forma.,Understand why the Moon appears to change shape.,Imarayku Killa rikch'ayninta tikraqhina rikhurisqanta hamut'ay.,Kunatsa Phaxsixa mayja uñnaqani tukurjama uñjasi uk amuyma.
article.moon.activity,"Observa la Luna durante una semana cuando sea visible. Dibuja la parte iluminada y anota la fecha y la hora. Si no la ves, registra si había nubes o edificios en esa dirección.","Observe the Moon for a week whenever it is visible. Draw its illuminated part and record the date and time. If you cannot see it, note whether clouds or buildings blocked that direction.","Huk simana Killata qhaway rikukuptin. K'anchasqa t'aqanta siq'iy, p'unchawta pachatawan qillqay. Mana rikunki chayqa, chay chiqapi phuyukuna utaq wasikuna kasqanta qillqay.","Mä simana Phaxsi uñakipma, uñjaskani ukhaxa. Qhantata chiqapa siqsuma, urumpi pachampi qillqma. Jan uñjksta ukhaxa, uka tuqina qinayanaka jan ukaxa utanaka utjatapa qillqma."
article.earth.title,"La Tierra, el día y las estaciones","Earth, day, and the seasons","Kay Pacha, p'unchaw, watapa mit'ankuna","Uraqi, uru, marana pachanakapa"
article.earth.p1,"La Tierra es el planeta donde vivimos. Tiene una atmósfera, una capa de gases que rodea el planeta, y agua líquida en su superficie.","Earth is the planet where we live. It has an atmosphere, a layer of gases surrounding the planet, and liquid water on its surface.",Kay Pacha kawsananchik planetan. Muyuriqninpi atmósfera nisqa gas qatawan muyuchisqa kachkan. Hawanpitaq puriq unu kachkan.,Uraqixa jakasktan uka planetawa. Atmósfera sata muyuparu imantiri gas phatampi muyuntatawa. Patapanxa umawa utjaraki.
article.earth.p2,La Tierra gira sobre su eje. Este movimiento se llama rotación y dura aproximadamente 24 horas. La parte orientada hacia el Sol tiene día. La parte opuesta tiene noche.,Earth spins on its axis. This motion is called rotation and takes about 24 hours. The side facing the Sun has daytime. The opposite side has nighttime.,"Kay Pacha kikin chawpi siq'inpi muyun. Chay kuyuyqa rotación nisqa sutiyuqmi, yaqa 24 horasta unan. Intiman qhawachkaq t'aqanpi p'unchaw kan. Waq chimpapitaq tuta kan.","Uraqixa pachpa taypi siqiparu muyu. Uka unxtawixa rotación satawa, niya 24 horanaka qhipt'i. Willkaru uñtata chiqapanxa uruwa. Maysapansti arumawa."
article.earth.p3,La Tierra también se mueve alrededor del Sol. Una vuelta completa tarda aproximadamente un año. Este movimiento se llama traslación.,Earth also moves around the Sun. One complete orbit takes about one year. This motion is called revolution.,Kay Pacha Intipa muyuriqninpipas purin. Huk hunt'a muyuy yaqa huk watata unan. Chay kuyuyqa traslación nisqa sutiyuqmi.,Uraqixa Willka muyunsa sararakiwa. Mä phuqata muyuxa niya mä mara qhipt'i. Uka unxtawixa traslación satawa.
article.earth.p4,El eje terrestre está inclinado. Esa inclinación cambia la cantidad de luz que recibe cada hemisferio durante el año y produce las estaciones. Las estaciones no se deben principalmente a la distancia al Sol.,Earth’s axis is tilted. This tilt changes how much light each hemisphere receives during the year and causes the seasons. The seasons are not mainly caused by the distance from the Sun.,Kay Pachapa chawpi siq'inqa kinrayasqa kachkan. Chay kinrayayrayku watantin sapa kuskan pacha hukniray k'anchayta chaskin. Chaymi watapa mit'ankunata paqarichin. Mit'akunaqa mana aswanta Intimanta karu utaq qaylla kayraykuchu kan.,Uraqina taypi siqipaxa k'umt'atawa. Uka k'umt'ata utjatapaxa sapa chikata Uraqina mara muytana katuqiri qhana waljätapa mayjt'ayi. Ukawa marana pachanakapa utjayi. Uka pachanakaxa janiwa jilpachaxa Willkat jaya jan ukaxa jak'a utjatap layku utjkiti.
article.earth.p5,"Puno está en el hemisferio sur. Los cambios de lluvia y temperatura de una comunidad también dependen de su ubicación y altura. Para hablar del clima local, conviene observar y consultar registros de la zona.","Puno is in the Southern Hemisphere. Changes in rainfall and temperature also depend on a community’s location and altitude. To discuss local weather patterns, observe and consult records from the area.","Punoqa kay Pachapa urin kuskanpi kachkan. Huk ayllupi para, q'uñi, chiri tikraykunapas maypi kasqanman, hayk'a hanaqpi kasqanman hina kanku. Llaqtapa wayra pachanmanta rimanapaq, qhawarina, chay kitipa qillqankunatapas tapukuna.","Puno ukaxa Uraqina aynacha chikatapankiwa. Mä aylluna jalluna, junt'una, thayana mayjt'awinakapaxa kawkhankataparu, qhawqha alayankataparu waykatatarakiwa. Markana pachapata parlañatakixa uñakipaña, uka chiqawjana qillqatanakapa ullañaxa askïwa."
article.earth.summary,"Descubre por qué existen el día, la noche y las estaciones.","Discover why we have day, night, and seasons.","Imarayku p'unchaw, tuta, watapa mit'ankunapas kasqanta riqsiy.","Kunatsa urusa, arumasa, marana pachanakapasa utji uk uñt'ama."
article.earth.activity,Usa una pelota y una linterna en una habitación oscura. La pelota representa la Tierra y la linterna representa el Sol. Gira la pelota y observa cómo cambia su parte iluminada.,Use a ball and a flashlight in a dark room. The ball represents Earth and the flashlight represents the Sun. Turn the ball and observe how its illuminated part changes.,"Huk tutayaq wasipi rump'uta, apaykachana k'anchanatawan hap'iy. Rump'u kay Pachata riqsichin, k'anchanataq Intita. Rump'uta muyuchiy, hinaspa k'anchasqa t'aqan imayna tikrakusqanta qhaway.","Mä ch'amaka uta manqhana mä muruq'u anatañampi apnaqaña qhantayirimp apnaqma. Muruq'uxa Uraqi uñacht'ayi, qhantayiristi Willka uñacht'ayi. Muruq'u muyuyma, qhantata chiqapa kunjam mayjt'i uk uñakipma."
article.observe.title,Cómo empezar a observar el cielo,How to start observing the sky,Imayna hanaq pachata qhawariyta qallarinanchik,Kunjamsa alaxpacha uñakipaña qalltaña
article.observe.p1,"Elige un lugar conocido y seguro. Evita carreteras, pendientes y orillas sin protección. Los niños deben ir acompañados por una persona adulta. Lleva abrigo y acuerda la hora de regreso.","Choose a familiar, safe location. Avoid roads, slopes, and unprotected shores. Children should go with an adult. Bring warm clothing and agree on a time to return.","Riqsisqa, mana manchayniyuq kitita akllay. Hatun ñankunamanta, kinraykunamanta, mana hark'asqa pata muyukunamantapas karunchakuy. Wawakuna huk kuraq runawan rinanku. Q'uñi pachakunata apay, kutimunaykipaq pachata rimanakuy.","Mä uñt'ata, jan chijini chiqawja ajllima. Jach'a thakhinakata, aynacht'iri uraqinakata, jan jark'aqata lakanakata jithiqma. Wawanakaxa mä jilïri jaqimpi sarañapawa. Thuru isinaka apma, kutt'aniña pacha aruskipma."
article.observe.p2,Busca una noche con pocas nubes y un lugar con poca luz artificial. Deja que tus ojos se acostumbren a la oscuridad. Puedes empezar con la Luna y las estrellas más brillantes sin usar un telescopio.,Choose a night with few clouds and a place with little artificial light. Let your eyes adjust to the dark. You can start with the Moon and the brightest stars without using a telescope.,"Pisi phuyuyuq tutata, runa rurasqan k'anchay pisi kanan kitita maskhay. Ñawiykikuna tutayayman yachakuchunku. Mana karu qhawana telescopio nisqawanpas Killata, aswan lliphipiq quyllurkunata qhawaspa qallariyta atinki.","Juk'a qinayani aruma, jaqina lurata qhanaxa juk'aki utjki uka chiqawja thaqma. Nayranakamaxa ch'amakaru yatintpan. Phaxsita, juk'ampi lliphipiri wara waranakata qalltaskasmawa, telescopio jan apnaqasa."
article.observe.p3,"Anota la fecha, la hora, el lugar y el estado del cielo. Dibuja las luces que observas. Si no conoces un objeto, escribe lo que ves antes de intentar ponerle un nombre.","Record the date, time, location, and sky conditions. Draw the lights you observe. If you do not recognize an object, describe what you see before trying to name it.","P'unchawta, pachata, kitita, hanaq pacha imayna kasqantapas qillqay. Qhawasqayki k'anchaykunata siq'iy. Huk imata mana riqsinki chayqa, sutita churanaykipa ñawpaqninpi imata rikusqaykita qillqay.","Uru, pacha, chiqawja, alaxpachana kunjamätapa qillqma. Uñjata qhananaka siqsuma. Mä yä jan uñt'ksta ukhaxa, sutichañat sipansa nayraqata uñjatama qillqma."
article.observe.p4,"Los objetos visibles cambian con la hora, la fecha y el lugar. Esta página no muestra un mapa del cielo en tiempo real. No todas las luces son estrellas: también puedes observar planetas, aviones o satélites artificiales.","Visible objects change with the time, date, and location. This page does not show a live sky map. Not all lights are stars: you may also observe planets, aircraft, or artificial satellites.","Rikuna kurkukunaqa pachaman, p'unchawman, kitiman hina tikrakunku. Kay p'anqa mana kunan pachapi hanaq pachapa mapantachu rikuchin. Mana tukuy k'anchaykunachu quyllur kanku. Planetakunata, avión nisqa phawaqkunata, runa rurasqan satélite nisqa muyuqkunatapas qhawayta atinki.","Uñjañjama yänakaxa pachampi, urumpi, chiqawjampi mayjt'apxi. Aka laphiqaxa janiwa jichha pachana alaxpachana mapapa uñacht'aykiti. Janiwa taqpacha qhananakaxa wara waranakäkiti. Planetanaka, avión sat jalirinaka, jaqina lurata satélite sat muyirinaksa uñjasmawa."
article.observe.p5,Comparar observaciones ayuda a aprender. Conserva los dibujos de distintas noches. No necesitas que sean perfectos: deben ayudarte a recordar lo que viste.,Comparing observations helps you learn. Keep drawings from different nights. They do not need to be perfect: they should help you remember what you saw.,Qhawasqakunata tupachiy yachayta yanapan. Hukniray tutakunapi siq'isqaykikunata waqaychay. Mana allin hunt'asqallachu kanan. Rikusqaykita yuyarinaykipaq yanapasunki chayqa allinmi.,Uñjatanaka kikipt'ayañaxa yatiqañaru yanapt'i. Mayja arumanakana siqitanaka imama. Janiwa taqi kunasa chiqapapunïñapäkiti. Uñjatama amtañataki yanapt'añapakiwa wakisi.
article.observe.summary,Organiza una observación con tu familia o comunidad.,Plan an observation with your family or community.,Yawar aylluykiwan utaq llaqtamasiykikunawan qhawariyta wakichiy.,Wilamasimampi jan ukaxa ayllumampi uñakipaña wakichma.
article.observe.activity,Descarga la guía de observación que está al final de la página. Completa un registro y compáralo con el de otra persona. ¿Qué observaron en común?,Download the observing guide at the bottom of the page. Complete one record and compare it with another person’s record. What did you both observe?,"P'anqapa tukukuyninpi qhawarinapaq pusana qillqata uraykachiy. Huk qhawasqaykipa qillqanta hunt'achiy, hinaspa huk runapa qillqanwan tupachiy. ¿Imakunata kuskalla qhawarqankichik?","Laphiqana tukuyapankki uka uñakipaña irpir qillqata apaqma. Mä uñjata qillqawi phuqachma, ukatxa yaqha jaqina qillqatapampi kikipt'ayma. ¿Kunsa kikpa uñjapxtaxa?"
article.glossary.title,Palabras para aprender astronomía,Words for learning astronomy,Hanaq pacha yachayta yachanapaq simikuna,Alaxpachata yatiqañataki arunaka
article.glossary.p1,La astronomía estudia los cuerpos del espacio y los fenómenos que ocurren en el universo. Este glosario explica palabras que aparecen en los artículos de QAS.,Astronomy studies bodies in space and phenomena in the universe. This glossary explains words used in QAS articles.,"Hanaq pacha yachayqa hanaq pachapi kurkukunata, tiqsi muyupi ima kasqankunatapas yachaqan. Kay simi pirwa QAS qillqakunapi rikhuriq simikunata sut'ichan.","Alaxpachata yatiñaxa alaxpachana yänakapa, taqi pachana kunanakatï luraski ukanaka yatxati. Aka aru pirwaxa QAS qillqatanakana utjiri arunaka qhanañchi."
article.glossary.p2,"Las definiciones describen conceptos científicos. Al traducirlas, se puede usar una explicación breve cuando no exista una palabra equivalente de uso común en la comunidad.","These definitions describe scientific concepts. When translating them, a short explanation can be used if the community has no commonly used equivalent word.","Nisqakunaqa yachaypa yuyayninkunata sut'ichan. Tikraspa, ayllupi mana riqsisqa kaqlla simi kaptinqa, pisi rimaywan sut'ichayta atikun.","Sañanakapaxa yatiñ amuyunaka qhanañchi. Jaqukipañanxa aylluna jan kikpa apnaqata aru utjkchi ukhaxa, mä jisk'a qhanañchawi apnaqasispawa."
article.glossary.summary,Consulta definiciones breves de las palabras de los artículos.,Read short definitions of words used in the articles.,Qillqakunapi simikunapa pisi rimaywan sut'ichayninta ñawinchay.,Qillqatanakana arunakapata jisk'a qhanañchawinaka ullama.
article.glossary.activity,Elige tres palabras. Explica cada una con tus propias palabras y acompaña la explicación con un dibujo.,Choose three words. Explain each in your own words and add a drawing.,"Kimsa simita akllay. Sapa simita kikin rimayniykiwan sut'ichay, hinaspa huk siq'ita yapay.","Kimsa aru ajllima. Sapa aru pachpa arunakamampi qhanañchma, ukatxa mä siqita yapxatma."
glossary.star.term,Estrella,Star,Quyllur,Wara wara
glossary.star.definition,Cuerpo de gas caliente que produce energía en su interior. El Sol es una estrella.,A body of hot gas that produces energy inside it. The Sun is a star.,"Rupha gas nisqamanta kurku, ukhunpi kallpata paqarichiq. Intiqa huk quyllurmi.","Junt'u gas ukata lurata yä, manqhapana ch'ama utjayiri. Willkaxa mä wara warawa."
glossary.planet.term,Planeta,Planet,Planeta,Planeta
glossary.planet.definition,"En el sistema solar, cuerpo casi esférico que orbita el Sol, no es una luna y domina gravitacionalmente su zona orbital.","In the solar system, a nearly spherical body that orbits the Sun, is not a moon, and gravitationally dominates its orbital neighborhood.","Intiwan muyuqmasinkuna ukhupi, yaqa rump'uhina kurku Intipa muyuriqninpi puriq. Mana killachu. Muyunan kitipi kikin aysay kallpan wak kurkukunapamanta aswan atiyuqmi.","Willka muyuna niya muruq'u yä, Willka muyupana sariri. Janiwa phaxsïkiti. Muyuna chiqawjapanxa jupana waythapiña ch'amapaxa yaqha yänakana ch'amapat sipansa jilïriwa."
glossary.orbit.term,Órbita,Orbit,Muyuna ñan,Muyu sara
glossary.orbit.definition,Trayectoria de un cuerpo alrededor de otro por la acción de la gravedad.,The path of a body around another under the influence of gravity.,Huk kurku wak kurkupa muyuriqninpi aysay kallparayku purinan ñan.,Waythapiña ch'amampi mä yä yaqha yä muyupana sarki uka thakhi.
glossary.gravity.term,Gravedad,Gravity,Aysay kallpa,Waythapiña ch'ama
glossary.gravity.definition,Atracción entre cuerpos que tienen masa. Mantiene a los planetas en órbita alrededor del Sol.,Attraction between bodies that have mass. It keeps planets in orbit around the Sun.,Masayuq kurkukuna huknin hukninta aysanakusqan. Planetakunata Intipa muyuriqninpi purichin.,Masani yänakana maynit maynikama waythapisitapa. Planetanakaru Willka muyupana sarayi.
glossary.satellite.term,Satélite natural,Natural satellite,Kikin pachapi paqarisqa muyuqmasi,Jani jaqina lurata muyuri masi
glossary.satellite.definition,Cuerpo natural que orbita un planeta u otro cuerpo mayor. La Luna orbita la Tierra.,A natural body that orbits a planet or another larger body. The Moon orbits Earth.,"Mana runa rurasqan kurku, huk planetapa utaq aswan hatun kurkupa muyuriqninpi puriq. Killa kay Pachapa muyuriqninpi purin.","Jani jaqina lurata yä, mä planeta jan ukaxa juk'ampi jach'a yä muyupana sariri. Phaxsixa Uraqi muyupana sari."
glossary.galaxy.term,Galaxia,Galaxy,Quyllurkunapa hatun huñun,Wara waranakana jach'a tantachawipa
glossary.galaxy.definition,"Conjunto de estrellas, gas, polvo y materia oscura unido por la gravedad.","A collection of stars, gas, dust, and dark matter held together by gravity.","Aysay kallpawan huñusqa quyllurkuna, gas, ñut'u allpa, mana rikuna materia oscura nisqa ima.","Waythapiña ch'amampi mayachata wara waranaka, gas, laq'a, jan uñjañjama materia oscura sata yä."
glossary.constellation.term,Constelación,Constellation,Quyllurkuna t'aqa,Wara waranakana siqipa
glossary.constellation.definition,Región definida del cielo. Suele asociarse con una figura imaginada entre estrellas que pueden estar muy separadas entre sí.,A defined region of the sky. It is often associated with an imagined pattern of stars that may be far apart from each other.,Hanaq pachapi saywasqa kiti. Quyllurkuna chawpipi yuyaywan siq'isqa rikch'aywan tinkuchikun. Chay quyllurkunaqa huknin hukninmanta ancha karupi kayta atinku.,Alaxpachana qurpata chiqawja. Wara waranak taypina amuyumpi lurata mä siqimpi chikthapiyasi. Uka wara waranakaxa maynit maynikama wali jayankapxaspawa.
glossary.lightyear.term,Año luz,Light-year,Huk watapi k'anchaypa purisqan,Mä marana qhanana saratapa
glossary.lightyear.definition,"Distancia que recorre la luz en un año. Es una unidad de distancia, no de tiempo.","The distance light travels in one year. It is a unit of distance, not time.","K'anchaypa huk watapi purisqan karu kay. Karu kayta tupunapaqmi, mana pachatachu.","Qhanana mä marana saratapa jayankawi. Jayankawi tupuñatakiwa, janiwa pacha tupuñatakïkiti."
glossary.nebula.term,Nebulosa,Nebula,Gaswan ñut'u allpapa phuyun,Gas ukat laq'a qinaya
glossary.nebula.definition,Nube de gas y polvo en el espacio. En algunas nebulosas se forman estrellas.,A cloud of gas and dust in space. Stars form in some nebulae.,Hanaq pachapi gas nisqapa ñut'u allpapapas phuyun. Wakin chay phuyukunapi quyllurkuna paqarinku.,Alaxpachana gas ukat laq'a qinaya. Yaqhipa uka qinayanakana wara waranakawa utji.
glossary.atmosphere.term,Atmósfera,Atmosphere,Gas qata,Gas phata
glossary.atmosphere.definition,"Capa de gases que rodea un cuerpo, como la Tierra.","A layer of gases surrounding a body, such as Earth.","Huk kurkuta, kay Pachata hina, muyuriqninpi qataq gas nisqa.","Mä yä, Uraqi ukjama, muyuparu imantiri gas phata."
article.classroom.title,Una actividad para la escuela,An activity for school,Yachaywasipaq huk ruray,Yatiqañ utataki mä lurawi
article.classroom.p1,"Pregunta inicial: ¿por qué cambia la parte iluminada de la Luna que vemos? Esta actividad usa un modelo. Un modelo representa algunas características de un fenómeno, pero no reproduce todos sus detalles.",Starting question: why does the illuminated portion of the Moon that we see change? This activity uses a model. A model represents some features of a phenomenon but does not reproduce every detail.,"Qallariq tapuy: ¿imaraykutaq Killapa qhawasqanchik k'anchasqa t'aqan tikrakun? Kay rurayqa huk rikuchina modelota hap'in. Huk modeloqa imapa wakin kayninkunata rikuchin, mana llapan ñut'u kayninkunatachu.","Qallta jiskt'a: ¿kunatsa uñjktan uka Phaxsina qhantata chiqapa mayjt'i? Aka lurawixa mä uñacht'ayiri modelo apnaqi. Mä modeloxa mä lurawina yaqhipa chiqanakapa uñacht'ayi, janiwa taqi jisk'a chiqanakapakiti."
article.classroom.p2,"Materiales: una linterna, una pelota clara y un espacio donde se pueda bajar la luz. La linterna representa el Sol. La pelota representa la Luna. La persona que observa representa un punto de vista desde la Tierra.","Materials: a flashlight, a light-colored ball, and a space where the lights can be dimmed. The flashlight represents the Sun. The ball represents the Moon. The observer represents a viewpoint from Earth.","Hap'inakuna: huk apaykachana k'anchana, llamp'u llimp'iyuq rump'u, k'anchayta pisiyachina kiti ima. K'anchanaqa Intita riqsichin. Rump'uqa Killata riqsichin. Qhawaq runaqa kay Pachamanta qhawariyta riqsichin.","Yänaka: mä apnaqaña qhantayiri, qhana samini muruq'u, qhana jisk'achañjama chiqawja. Qhantayirixa Willka uñacht'ayi. Muruq'uxa Phaxsi uñacht'ayi. Uñch'ukiri jaqixa Uraqitpacha uñtawi uñacht'ayi."
article.classroom.p3,Mantén la linterna fija. Otra persona mueve lentamente la pelota alrededor de quien observa. Mantén la pelota un poco por encima de la cabeza para evitar que el cuerpo bloquee la luz. No apuntes la linterna a los ojos.,Keep the flashlight still. Another person slowly moves the ball around the observer. Hold the ball slightly above head level so the body does not block the light. Do not shine the flashlight into anyone’s eyes.,"K'anchanata mana kuyuchiychu. Huk runa rump'uta qhawaqpa muyuriqninpi allillamanta kuyuchichun. Rump'uta umamanta aslla hanaqpi hap'iy, runapa kurkun k'anchayta ama hark'ananpaq. K'anchanawan ñawikunaman ama k'anchaychu.","Qhantayiri mä chiqanak katxäsma. Yaqha jaqixa muruq'u uñch'ukiri jaqina muyuparu k'achata unxtaypan. Muruq'u p'iqita mä juk'a alayaru katxäsma, janchixa qhana jan jark'añapataki. Qhantayirixa nayranakaru jan qhantaypanti."
article.classroom.p4,Observa qué parte de la pelota recibe luz y qué parte iluminada puedes ver. Dibuja tres posiciones. Conversa sobre la diferencia entre la parte iluminada y la parte visible.,Observe which part of the ball receives light and how much of that illuminated part you can see. Draw three positions. Discuss the difference between the illuminated part and the visible part.,"Rump'upa ima t'aqan k'anchayta chaskisqanta, ima k'anchasqa t'aqanta qhawayta atisqaykitapas qhaway. Kimsa maypi kasqanta siq'iy. K'anchasqa t'aqawan rikuna t'aqapa hukniray kayninmanta rimanakuy.","Muruq'una kawkïri chiqapatï qhana katuqki, kawkïri qhantata chiqapsa uñjasma uk uñakipma. Kimsa kawkhankatapa siqsuma. Qhantata chiqampi uñjañjama chiqampi kunansa mayjapxi uka tuqita aruskipma."
article.classroom.p5,El modelo no representa las distancias ni los tamaños reales. Tampoco explica por sí solo las fechas de los eclipses. Su objetivo es mostrar cómo cambia nuestra vista de una esfera iluminada.,The model does not represent real distances or sizes. It also cannot explain eclipse dates by itself. Its purpose is to show how our view of an illuminated sphere changes.,Kay modeloqa mana chiqaq karu kaykunatachu nitaq sayaykunatachu riqsichin. Kikinmantaqa mana eclipse nisqa wañuykunapa p'unchawninkunatapas sut'ichanchu. K'anchasqa rump'uta qhawarisqanchik imayna tikrakusqanta rikuchinanpaqmi.,Modeloxa janiwa chiqapa jayankawinaksa tañanaksa uñacht'aykiti. Jupatakixa janiwa eclipse sat ch'amakt'awinakana urunakapatsa qhanañchkiti. Qhantata muruq'uru uñjatasa kunjamsa mayjt'i uka uñacht'ayañatakiwa.
article.classroom.summary,Representa las fases de la Luna con materiales sencillos.,Model the Moon’s phases with simple materials.,Mana sasa hap'inakunawan Killapa rikhuriyninpa tikraykunata rikuchiy.,Jasaki yänakampi Phaxsina sunaqinakapa uñacht'ayma.
article.classroom.activity,Cada participante explica un dibujo. Pueden usar la lengua que prefieran. Registren las preguntas que todavía tengan para investigarlas en otra sesión.,Each participant explains one drawing in their preferred language. Record any remaining questions to investigate in another session.,"Sapa ruraq huk siq'ita sut'ichachun. Munasqanku simipi rimayta atinku. Tapuyninkuna puchuptinqa qillqachunku, wak huñunakuypi yachaqanankupaq.","Sapa luririxa mä siqita qhanañchpan. Munapki uka arumpiwa parlapxaspa. Jiskt'anaka utjaskchi ukhaxa qillqapxpan, yaqha tantachawina yatxatañataki."
article.stars.activity,Para explorar: dibuja dos grupos de estrellas y vuelve a observarlos una hora después. ¿Cambió su posición? La rotación de la Tierra hace que parezcan desplazarse por el cielo.,Try this: draw two groups of stars and observe them again an hour later. Have they moved? Earth’s rotation makes them appear to move across the sky.,"Riqsinapaq: iskay quyllur huñuta siq'iy, huk hora qhipamanta yapamanta qhaway. ¿Maypi kasqanku tikrakurqanchu? Kay Pachapa kikinpi muyuynin quyllurkunata hanaq pachapi puriqhina rikuchin.","Uñt'añataki: pä wara wara tama siqsuma, mä hora qhipata wasitat uñakipma. ¿Kawkhankatapa mayjt'iti? Uraqina pachpa muyutapaxa wara waranakaruxa alaxpachana sarnaqirjama uñacht'ayi."
article.planets.activity,Actividad: dibuja la Luna durante varias noches y anota la fecha. Nunca observes directamente el Sol ni con binoculares o telescopios sin filtros solares adecuados.,Activity: draw the Moon over several nights and record each date. Never look directly at the Sun or view it through binoculars or telescopes without suitable solar filters.,"Ruray: achka tutakunapi Killata siq'iy, p'unchawta qillqay. Intita ama hayk'aqpas chiqanta qhawaychu, nitaq iskay ñawiyuq karu qhawanawan utaq telescopio nisqawan, Intipaq allin k'anchay hark'ana mana kaptin.","Lurawi: walja arumanakana Phaxsi siqsuma, uru qillqma. Willkaruxa janipuni chiqaki uñch'ukimti, janiraki pä nayrani jaya uñjañampisa telescopiompisa, Willkataki wakisiri qhana jark'aqirinaka jan utjkipanxa."
article.andes.activity,"Una actividad para compartir: pregunta a un familiar qué palabras usa para nombrar el cielo. Con su permiso, anota la palabra, su significado y la comunidad o variante a la que pertenece. No publiques relatos o grabaciones sin autorización.","Try this together: ask a family member which words they use for the sky. With their permission, record the word, meaning, and community or language variety. Do not publish stories or recordings without permission.","Kuska ruranapaq: aylluykimanta huk runata tapuy, ima simikunawan hanaq pachata sutinchasqanmanta. Paypa saqiyninwan simita, ninanta, may ayllupa utaq ima rimaypa kasqantapas qillqay. Willakuykunata utaq uyarisqa waqaychasqakunata ama saqiy mana kaptin lluqsichiychu.","Mayacht'asis lurañataki: wilamasimata mayniru jiskt'ma, kawkïri arunakampisa alaxpacharu sutichi uka tuqita. Jupana iyawsawipampi arsa, sañapsa, kawkïri ayllunkisa jan ukaxa kawkïri parlañankisa uk qillqma. Jan iyawsawi utjkipanxa sarnaqawinaksa katuqata arunaksa jan uñt'ayapxamti."
ui.translationDraft,Traducción generada con ayuda de IA. Pendiente de revisión por hablantes locales.,Translation generated with AI assistance. Review by local speakers is pending.,IA nisqapa yanapayninwan tikrasqa. Llaqtapi rimaqkunapa qhawapayninta suyanraq.,IA yanapampi jaqukipata. Markankiri parlirinakana uñakipañapa suyasiskiwa.
source.solar,NASA · Sistema solar,NASA · Solar system,NASA · Intiwan muyuqmasinkuna,NASA · Willkampi muyuri masinakapampi
source.universe,NASA · Universo,NASA · Universe,NASA · Tiqsi muyu,NASA · Alaxpacha
source.sun,NASA · El Sol,NASA · Sun facts,NASA · Inti,NASA · Willka
source.moon,NASA · Fases de la Luna,NASA · Moon phases,NASA · Killapa rikhuriyninpa tikraykuna,NASA · Phaxsina sunaqinakapa
source.earth,NASA · La Tierra,NASA · Earth facts,NASA · Kay Pacha,NASA · Uraqi
source.reniec,Reniec · Nombres quechuas y aimaras,Reniec · Quechua and Aymara names,"Reniec · Quechua, Aimara simikunapi sutikuna","Reniec · Quechua, Aimara arunakana sutinaka"
source.minedu,Minedu · Vocabulario pedagógico aimara,Minedu · Aymara teaching vocabulary,Minedu · Aimara simipi yachachinapaq simikuna,Minedu · Aimara yatichaña aru pirwa
source.mineduQu,Minedu · Biblioteca de quechua sureño,Minedu · Southern Quechua library,Minedu · Urin Quechua simipa mayt'u waqaychanan,Minedu · Aynacha Quechua aruna panka imañ uta
ui.pauseMotion,Pausar animaciones,Pause animations,Kuyuykunata sayachiy,Unxtawinaka sayt'ayaña
ui.resumeMotion,Activar animaciones,Enable animations,Kuyuykunata llamk'achiy,Unxtawinaka qalltayaña
ui.contactLabel,CONTACTO,CONTACT,RIMANAKUY,ARUSKIPAWI
ui.contactTitle,Contáctame,Get in touch,Ñuqawan rimay,Nayampi aruskipma
ui.contactBio,"Soy estudiante de doctorado en ICMC–USP, ingeniero estadístico e informático por la UNA Puno, investigador RENACYT y quechuahablante.","I am a PhD student at ICMC–USP, a Statistical and Computer Engineer from UNA Puno, a RENACYT researcher, and a Quechua speaker.","ICMC–USP nisqapi doctorado yachaqmi kani. UNA Puno nisqamanta estadística, informática yachaykunapi ingenieromi kani. RENACYT yachaqaqmi kani, Quechua simitapas rimani.","ICMC–USP ukan doctorado yatiqirïtwa. UNA Puno ukan estadística ukat informática yatiñanakana ingenierötwa. RENACYT yatxatirïtwa, Quechua aru parlirirakïtwa."
ui.contactLinkedIn,Conversemos en LinkedIn,Let’s connect on LinkedIn,LinkedIn nisqapi rimanakusun,LinkedIn ukan aruskipt'añäni
ui.volunteerLabel,COLABORA CON QAS,COLLABORATE WITH QAS,QAS NISQAWAN YANAPANAKUY,QAS UKAMPI YANAPT'ASIM
ui.volunteerTitle,Buscamos voluntarios,Volunteers welcome,Munaspa yanapakuqkunata maskhayku,Munañapata yanapt'irinaka thaqapxta
ui.volunteerDescription,Ayúdanos a acercar la ciencia a más comunidades. Buscamos personas que quieran aportar sus conocimientos. Escríbeme por LinkedIn para conversar.,Help us bring science to more communities. We welcome people who want to share their skills. Send me a message on LinkedIn to talk about collaborating.,Yachaykunata aswan achka ayllukunaman asuykachinaykupaq yanapawayku. Yachayninkuwan yanapay munaq runakunata maskhayku. Rimanakunapaq LinkedIn nisqapi qillqamuway.,Yatiñanaka juk'ampi ayllunakaru jak'achayañataki yanapt'apxita. Yatiñanakapampi yanapt'aña muniri jaqinaka thaqapxta. Aruskipañataki LinkedIn ukan qillqt'anita.
ui.volunteerAreas,Áreas de colaboración,Ways to contribute,Yanapanapaq t'aqakuna,Yanapt'añataki tuqinaka
ui.volunteerLanguages,Idiomas,Languages,Simikuna,Arunaka
ui.volunteerDesign,Diseño,Design,Siq'i wakichiy,Siqi wakichaña
ui.volunteerMarketing,Marketing,Marketing,Riqsichiy,Uñt'ayaña
ui.volunteerCode,Programación,Programming,Computadorapaq kamachiy qillqay,Computadorataki kamachi qillqaña
ui.volunteerMore,Y otras áreas,And other skills,Wak t'aqakunapas,Yaqha tuqinakampi
ui.articlePage,Abrir página del artículo,Open article page,Qillqapa p'anqanta kichay,Qillqatana laphipa jist'arama
ui.shareLinkedIn,Compartir en LinkedIn,Share on LinkedIn,LinkedIn nisqapi rakiy,LinkedIn tuqina chura?a
ui.copyPost,Copiar publicaci?n completa,Copy full post,Tukuy qillqasqata copiay,Taqpacha qillqata copia?a
ui.postCopied,Texto copiado. P?galo en LinkedIn.,Text copied. Paste it into LinkedIn.,Qillqasqa copiasqa?a. LinkedIn nisqapi kaskachiy.,Qillqata copiatawa. LinkedIn tuqiru lipiya?a.
ui.copyManually,Selecciona y copia el texto manualmente.,Select and copy the text manually.,Qillqasqata akllaspa makiykiwan copiay.,Qillqata ajllma ukat amparampi copiama.
ui.shareHelp,"Copia el texto y p?galo en una publicaci?n de LinkedIn. Si supera 3.000 caracteres, div?delo en varias publicaciones.","Copy the text and paste it into a LinkedIn post. If it exceeds 3,000 characters, split it into several posts.","Qillqasqata copiaspa LinkedIn nisqapi kaskachiy. 3.000 sanampakunamanta aswan kaptin, achka qillqasqaman rakiy.","Qillqata copiama ukat LinkedIn tuqiru lipiyama. 3.000 chimpunakatsa jilakipanxa, walja qillqatanakaru jaljama."
ui.shareText,Texto para compartir,Text to share,Rakinapaq qillqasqa,Chura?ataki qillqata
ui.shareImage,Descargar art?culo como imagen,Download article as image,Qillqasqata siqita hina uraykachiy,Qillqata jamuqjama apaqa?a
